{
  "mean_test_accuracy": 0.8609195402298851,
  "std_test_accuracy": 0.009887730192002992,
  "mean_test_auc": 0.9055909017544389,
  "target_accuracy": 0.6,
  "performance_gap": -0.26091954022988517,
  "status": "TARGET_ACHIEVED",
  "cv_results": [
    {
      "fold": 1,
      "test_acc": 0.8724137931034482,
      "test_auc": 0.8849223416965353,
      "val_acc": 0.8620689655172413
    },
    {
      "fold": 2,
      "test_acc": 0.8482758620689655,
      "test_auc": 0.9184366628396479,
      "val_acc": 0.9051724137931034
    },
    {
      "fold": 3,
      "test_acc": 0.8620689655172413,
      "test_auc": 0.9134137007271335,
      "val_acc": 0.8189655172413793
    }
  ],
  "config": {
    "num_epochs": 100,
    "learning_rate": 0.001,
    "weight_decay": 0.0001,
    "warmup_epochs": 10,
    "patience": 20,
    "batch_size": 16,
    "feature_selection_k": 300
  }
}