{
  "train_loss": [
    0.9022189080715179,
    0.8376613855361938,
    0.6465650498867035,
    0.5717844218015671,
    0.6403533816337585,
    0.4424629360437393,
    0.31144146621227264,
    0.2434055432677269,
    0.17174633592367172,
    0.11221164837479591
  ],
  "val_loss": [
    0.7214237451553345,
    0.7209213972091675,
    0.7388567328453064,
    0.7409132122993469,
    0.7081489264965057,
    0.7178931534290314,
    0.7373529672622681,
    0.7664462029933929,
    0.8113000392913818,
    0.8651486337184906
  ],
  "train_accuracy": [
    0.38,
    0.54,
    0.66,
    0.68,
    0.7,
    0.82,
    0.88,
    0.92,
    0.96,
    0.98
  ],
  "val_accuracy": [
    0.56,
    0.56,
    0.48,
    0.52,
    0.62,
    0.6,
    0.64,
    0.68,
    0.66,
    0.66
  ],
  "train_balanced_accuracy": [
    0.3782467532467533,
    0.538647342995169,
    0.6499999999999999,
    0.6715927750410509,
    0.6927083333333333,
    0.8295454545454546,
    0.8916666666666666,
    0.9188311688311688,
    0.9597423510466989,
    0.9833333333333334
  ],
  "val_balanced_accuracy": [
    0.5641025641025641,
    0.5608974358974359,
    0.47275641025641024,
    0.5112179487179487,
    0.6185897435897436,
    0.6025641025641025,
    0.6378205128205128,
    0.6762820512820513,
    0.655448717948718,
    0.655448717948718
  ],
  "train_auc": [
    0.4172077922077922,
    0.5475040257648953,
    0.6883333333333334,
    0.7602627257799672,
    0.7152777777777778,
    0.8944805194805194,
    0.9633333333333334,
    0.9902597402597403,
    0.9935587761674718,
    1.0
  ],
  "val_auc": [
    0.5913461538461539,
    0.5689102564102564,
    0.5897435897435898,
    0.5993589743589743,
    0.6217948717948718,
    0.6201923076923077,
    0.6346153846153846,
    0.6570512820512822,
    0.6650641025641025,
    0.6746794871794872
  ],
  "train_f1": [
    0.3822400642312324,
    0.5405539943797671,
    0.6612649855312113,
    0.68,
    0.7041614123581337,
    0.820360144057623,
    0.8811688311688312,
    0.92,
    0.96,
    0.9800744109136008
  ],
  "val_f1": [
    0.5557487922705314,
    0.56,
    0.46266666666666667,
    0.49555178268251265,
    0.619542352468888,
    0.5987179487179488,
    0.638840579710145,
    0.676883116883117,
    0.6551448388412893,
    0.6551448388412893
  ],
  "learning_rates": [
    9.7e-05,
    9.409e-05,
    9.12673e-05,
    8.8529281e-05,
    8.587340257e-05,
    8.329720049289999e-05,
    8.079828447811299e-05,
    7.83743359437696e-05,
    7.60231058654565e-05,
    7.37424126894928e-05
  ],
  "epoch_times": [
    0.6132290363311768,
    0.6115210056304932,
    0.6023759841918945,
    0.5498454570770264,
    0.527155876159668,
    0.582939624786377,
    0.6974551677703857,
    0.5893125534057617,
    0.5864460468292236,
    0.5900974273681641
  ],
  "gradient_norms": [
    12.733044147491455,
    11.333113670349121,
    9.6143479347229,
    8.958746910095215,
    9.839675426483154,
    7.638967275619507,
    5.660698890686035,
    5.124039173126221,
    5.611730456352234,
    2.8711363077163696
  ],
  "total_training_time": 5.9512059688568115,
  "best_epoch": 7,
  "best_val_accuracy": 0.68,
  "final_lr": 7.37424126894928e-05
}